model_name,num_model_params,validation_accuracy
MobileNetV2,2257984,0.8059999942779541
DenseNet121,7037504,0.8184000253677368
VGG16,14714688,0.5127999782562256
